expected_path	approx_size	source	used_by	sample_substitute_in_repo	notes
cCRE_based_analysis/data/GTEx_49tissues_release1.tsv.bgz	~1.5 GB	Dropbox (GTEx v8, 49-tissue SuSiE fine-mapping) https://www.dropbox.com/scl/fo/bjp6o8hgixt5occ6ggq2o/ADTTMnyH-4rzDFS6g7oIcEE?rlkey=7558jp42yvmyjhgmcilbhlnu7&e=1&dl=0	cCRE_based_analysis/generate_element_annotation_table.ipynb (brain eQTL overlap step)	cCRE_based_analysis/data/subset_GTEx_49tissues_release1.tsv.bgz (72 real overlap rows; set dummy_run=True to use it)	Downloaded 2025-05-25 per notebook note.
variant_based_analysis/data/UKBB_94traits_release1.bed.gz	~244 MB	Finucane lab, UKBB 94-traits fine-mapping release 1.1 https://www.finucanelab.org/data	variant_based_analysis/generate_variant_annotation_table.ipynb (UKBB overlap step)	variant_based_analysis/data/subset_UKBB_94traits_release1.bed.gz (19,959 real matching rows; set dummy_run=True to use it)	Ships as part of a tar.gz release; .bed.gz + .cols both needed.
variant_based_analysis/data/UKBB_94traits_release1.cols	~2 KB	same release as above	same as above	variant_based_analysis/data/subset_UKBB_94traits_release1.cols	Column-name sidecar for the headerless .bed.gz.
cCRE_based_analysis/data/remap_overlap/remap2022_nr_macs2_hg38_v1_0.bed.gz	not measured (genome-wide ChIP-seq peak union)	ReMap2022 https://remap.univ-amu.fr/download_page	cCRE_based_analysis/generate_element_annotation_table.ipynb (documents the bedtools recipe in comments only)	cCRE_based_analysis/data/remap_overlap/80k_mpra_CREs_remap2022.bed.gz (the already-computed overlap result, 37 MB, IS bundled)	Only needed to regenerate the overlap from scratch; the result is already committed.
cCRE_based_analysis/data/GRCh38-cCREs_screen_v4.bed	~124 MB	ENCODE SCREEN Registry V4 https://downloads.wenglab.org/V4/GRCh38-cCREs.bed	variant_based_analysis/variant_loci_visualization/scripts/plot_variants.R (SCREEN cCRE track)	none — loader is tryCatch-guarded and skips the track if the file is absent	Fetched by scripts/download_external_data.sh.
variant_based_analysis/variant_loci_visualization/data/atac_peaks/GSE113480_astrocyte.atac-seq.bigwig	~1.0 GB	GEO GSE113480 https://ftp.ncbi.nlm.nih.gov/geo/series/GSE113nnn/GSE113480/suppl/GSE113480_astrocyte.atac-seq.bigwig	plot_variants.R brain ATAC track (brain_atac=)	none — loader checks file.exists() and skips the track if absent	Fetched by scripts/download_external_data.sh.
variant_based_analysis/variant_loci_visualization/data/atac_peaks/GSE113480_cortical.atac-seq.bigwig	~0.87 GB	same GEO series, file GSE113480_cortical.atac-seq.bigwig	same as above	none, same graceful skip	same
variant_based_analysis/variant_loci_visualization/data/atac_peaks/GSE113480_hippocampal.atac-seq.bigwig	~1.1 GB	same GEO series, file GSE113480_hippocampal.atac-seq.bigwig	same as above	none, same graceful skip	same
variant_based_analysis/variant_loci_visualization/data/atac_peaks/GSE113480_motor.atac-seq.bigwig	~1.1 GB	same GEO series, file GSE113480_motor.atac-seq.bigwig	same as above	none, same graceful skip	same
variant_based_analysis/data/metabrain_eqtl_full_clean.parquet	~240 MB	Internal output of the MetaBrain / MPRA overlap pipeline (not a public URL) — see project memory "variant-loci-visualization-setup"	variant_based_analysis/variant_loci_visualization/scripts/preprocess_eqtl_data.py (MetaBrain eQTL arcs)	variant_based_analysis/variant_loci_visualization/data/eqtl/metabrain_processed.tsv.gz (36 MB, the already-computed preprocessing output, IS bundled)	Regenerate only if the MetaBrain overlap needs to be redone from source.
external: gnomad_db_v3.1.2.sqlite3.gz	not measured	Zenodo https://zenodo.org/record/6818606/files/gnomad_db_v3.1.2.sqlite3.gz	variant_based_analysis/download_gnomadDB.py	variant_based_analysis/data/gnomadDB/all_80K_variants_for_gnomadDB_with_gnomad_info.tsv (the already-computed per-variant gnomAD annotation, IS bundled)	Only needed to regenerate gnomAD annotation from scratch.
external: gnomad_db.sqlite3.gz	not measured	Zenodo https://zenodo.org/records/11077663/files/gnomad_db.sqlite3.gz	variant_based_analysis/data/generating_singleton_counts_gnomad.py	cCRE_based_analysis/data/CRE_singleton_overlaps_with_counts.bed (the already-computed singleton overlap counts, IS bundled)	Only needed to regenerate singleton counts from scratch.
