Gene symbol,Feature ID,Chromosome,Start,End
ABCC9,ABCC9_E1,chr12,22016580,22018724
ABCC9,ABCC9_E2,chr12,22029787,22031195
ABCC9,ABCC9_E3,chr12,22034190,22035921
ABCC9,ABCC9_E4,chr12,22035962,22036703
ABCC9,ABCC9_E5,chr12,22043449,22046767
ABCC9,ABCC9_E6,chr12,22047828,22048472
ABCC9,ABCC9_E7,chr12,22061115,22061219
ABCC9,ABCC9_E8,chr12,22063618,22064536
ABCC9,ABCC9_E9,chr12,22067740,22079160
ABCC9,ABCC9_E10,chr12,22086544,22088108
ABCC9,ABCC9_P1,chr12,22088358,22091108
ABCC9,ABCC9_E11,chr12,22091128,22092667
ABCC9,ABCC9_P2,chr12,22092566,22095486
ABCC9,ABCC9_E12,chr12,22093885,22094035
ABCC9,ABCC9_E13,chr12,22124099,22128473
ABCC9,ABCC9_E14,chr12,22131651,22133046
ABCC9,ABCC9_E15,chr12,22140703,22144403
ACTC1,ACTC1_E1,chr15,35081183,35083552
ACTC1,ACTC1_P1,chr15,35083552,35091979
ACTC1,ACTC1_E2,chr15,35089840,35095019
ACTC1,ACTC1_E3,chr15,35096813,35098727
ACTC1,ACTC1_E4,chr15,35101876,35104775
ACTC1,ACTC1_E5,chr15,35110524,35111877
ACTC1,ACTC1_E6,chr15,35131804,35134153
ACTC1,ACTC1_E7,chr15,35144294,35148661
ACTN2,ACTN2_E1,chr1,236819642,236833629
ACTN2,ACTN2_E2,chr1,236835735,236838058
ACTN2,ACTN2_E3,chr1,236844506,236844765
ACTN2,ACTN2_P1,chr1,236848281,236851326
ACTN2,ACTN2_E4,chr1,236851326,236858737
ACTN2,ACTN2_E5,chr1,236858897,236861545
ACTN2,ACTN2_E6,chr1,236861765,236883947
ACTN2,ACTN2_E7,chr1,236888958,236893049
ACTN2,ACTN2_E8,chr1,236896049,236906870
ALPK3,ALPK3_E1,chr15,85327384,85330062
ALPK3,ALPK3_P1,chr15,85358410,85363555
ALPK3,ALPK3_E2,chr15,85361410,85373280
ALPK3,ALPK3_E3,chr15,85373336,85387255
ALPK3,ALPK3_E4,chr15,85387953,85389226
ANKRD1,ANKRD1_E1,chr10,92666630,92673861
ANKRD1,ANKRD1_E2,chr10,92674568,92679150
ANKRD1,ANKRD1_P1,chr10,92679006,92684092
ANKRD1,ANKRD1_E3,chr10,92680060,92680210
ANKRD1,ANKRD1_E4,chr10,92681320,92681470
ANKRD1,ANKRD1_E5,chr10,92684147,92685391
ANKRD1,ANKRD1_E6,chr10,92686212,92698206
BAG3,BAG3_E1,chr10,121402550,121404146
BAG3,BAG3_P1,chr10,121407607,121412377
BAG3,BAG3_E2,chr10,121411065,121411215
BAG3,BAG3_E3,chr10,121411260,121411410
BAG3,BAG3_E4,chr10,121412381,121437099
BAG3,BAG3_P2,chr10,121415100,121415250
BAG3,BAG3_P3,chr10,121415380,121415530
BAG3,BAG3_E5,chr10,121437250,121442428
BAG3,BAG3_E6,chr10,121442868,121443747
BAG3,BAG3_E7,chr10,121445191,121447517
BRAF,BRAF_E1,chr7,140570460,140570610
BRAF,BRAF_E2,chr7,140598720,140598870
BRAF,BRAF_E3,chr7,140599760,140599910
BRAF,BRAF_E4,chr7,140602531,140602782
BRAF,BRAF_E5,chr7,140603960,140604110
BRAF,BRAF_E6,chr7,140615816,140616047
BRAF,BRAF_E7,chr7,140619840,140621006
BRAF,BRAF_P1,chr7,140623064,140626064
BRAF,BRAF_E8,chr7,140623880,140624030
BRAF,BRAF_E9,chr7,140624040,140624190
BRAF,BRAF_E10,chr7,140624205,140624355
BRAF,BRAF_E11,chr7,140625025,140625175
BRAF,BRAF_E12,chr7,140666347,140667475
CALR3,CALR3_P1,chr19,16605753,16608503
CASQ2,CASQ2_E1,chr1,116250866,116252194
CASQ2,CASQ2_E2,chr1,116252254,116258051
CASQ2,CASQ2_E3,chr1,116269508,116271580
CASQ2,CASQ2_E4,chr1,116282939,116286371
CASQ2,CASQ2_E5,chr1,116290439,116303463
CASQ2,CASQ2_E6,chr1,116304021,116306748
CASQ2,CASQ2_E7,chr1,116307660,116309075
CASQ2,CASQ2_E8,chr1,116309150,116309835
CASQ2,CASQ2_P1,chr1,116309835,116312902
CASQ2,CASQ2_E9,chr1,116313163,116315177
CASQ2,CASQ2_E10,chr1,116324527,116326213
CASQ2,CASQ2_E11,chr1,116334937,116336373
CAV3,CAV3_P1,chr3,8773985,8777012
CAV3,CAV3_E1,chr3,8777121,8781003
CAV3,CAV3_E2,chr3,8781332,8784256
CBL,CBL_E1,chr11,119067720,119067870
CBL,CBL_P1,chr11,119075252,119078686
CBL,CBL_E2,chr11,119077280,119077430
CBL,CBL_E3,chr11,119085707,119087738
CHRM2,CHRM2_E1,chr7,136382043,136382961
CHRM2,CHRM2_P1,chr7,136551903,136555368
CHRM2,CHRM2_E2,chr7,136553680,136553830
CHRM2,CHRM2_E3,chr7,136555368,136563711
CHRM2,CHRM2_E4,chr7,136567894,136568090
CHRM2,CHRM2_E5,chr7,136572219,136572551
CHRM2,CHRM2_E6,chr7,136611215,136611851
CHRM2,CHRM2_E7,chr7,136613195,136613606
CHRM2,CHRM2_E8,chr7,136615794,136616671
CRYAB,CRYAB_E1,chr11,111776220,111776429
CRYAB,CRYAB_E2,chr11,111778707,111778999
CRYAB,CRYAB_P1,chr11,111779968,111786054
CRYAB,CRYAB_E3,chr11,111781440,111781590
CRYAB,CRYAB_E4,chr11,111785045,111785195
CRYAB,CRYAB_E5,chr11,111793516,111795030
CRYAB,CRYAB_E6,chr11,111795793,111796217
CRYAB,CRYAB_E7,chr11,111803280,111803636
CRYAB,CRYAB_E8,chr11,111804667,111804979
CSRP3,CSRP3_E1,chr11,19190072,19190850
CSRP3,CSRP3_E2,chr11,19193250,19197325
CSRP3,CSRP3_E3,chr11,19197921,19216821
CSRP3,CSRP3_P1,chr11,19217521,19220788
CSRP3,CSRP3_E4,chr11,19219821,19222089
CSRP3,CSRP3_P2,chr11,19222183,19227543
CSRP3,CSRP3_E5,chr11,19227543,19230620
CSRP3,CSRP3_P3,chr11,19230620,19233620
CSRP3,CSRP3_E6,chr11,19233620,19236288
CSRP3,CSRP3_E7,chr11,19238368,19241748
CSRP3,CSRP3_E8,chr11,19242667,19244652
CTNNA3,CTNNA3_E1,chr10,69310568,69311292
CTNNA3,CTNNA3_E2,chr10,69335035,69336045
CTNNA3,CTNNA3_E3,chr10,69352241,69365033
CTNNA3,CTNNA3_E4,chr10,69366234,69368073
CTNNA3,CTNNA3_E5,chr10,69380580,69382365
CTNNA3,CTNNA3_E6,chr10,69417643,69417908
CTNNA3,CTNNA3_E7,chr10,69418927,69419736
CTNNA3,CTNNA3_E8,chr10,69422765,69436742
CTNNA3,CTNNA3_E9,chr10,69439104,69440628
CTNNA3,CTNNA3_P1,chr10,69454493,69457427
CTNNA3,CTNNA3_E10,chr10,69456715,69457182
CTNNA3,CTNNA3_E11,chr10,69457536,69458326
CTNNA3,CTNNA3_E12,chr10,69522737,69525025
DES,DES_E1,chr2,220267556,220275827
DES,DES_E2,chr2,220279757,220281598
DES,DES_P1,chr2,220281484,220285033
DES,DES_E3,chr2,220282078,220282672
DES,DES_E4,chr2,220284598,220289406
DES,DES_E5,chr2,220295466,220295837
DMD,DMD_E1,chrX,31204673,31206131
DMD,DMD_E2,chrX,31244079,31247309
DMD,DMD_P1,chrX,31284054,31285438
DMD,DMD_E3,chrX,31287747,31288594
DMD,DMD_E4,chrX,31289859,31290711
DMD,DMD_E5,chrX,31316807,31316962
DMD,DMD_E6,chrX,31349098,31350525
DMD,DMD_E7,chrX,31355451,31357290
DMD,DMD_E8,chrX,31838502,31839325
DMD,DMD_E9,chrX,32889734,32890637
DMD,DMD_E10,chrX,32931515,32932693
DMD,DMD_E11,chrX,32960026,32965318
DMD,DMD_E12,chrX,33049069,33051315
DMD,DMD_E13,chrX,33156741,33157504
DMD,DMD_E14,chrX,33201180,33202443
DMD,DMD_E15,chrX,33208260,33208410
DMD,DMD_E16,chrX,33212683,33214506
DMD,DMD_E17,chrX,33224374,33225509
DMD,DMD_P2,chrX,33228242,33231136
DMD,DMD_E18,chrX,33230100,33230250
DOLK ,DOLK_E1,chr9,131748711,131750947
DSC2,DSC2_E1,chr18,28644200,28644350
DSC2,DSC2_P1,chr18,28681128,28683878
DSC2,DSC2_E2,chr18,28682025,28682175
DSC2,DSC2_E3,chr18,28756640,28756790
DSC2,DSC2_E4,chr18,28765700,28765850
DSG2,DSG2_E1,chr18,29063204,29072033
DSG2,DSG2_P1,chr18,29072034,29079748
DSG2,DSG2_E2,chr18,29086414,29086572
DSG2,DSG2_E3,chr18,29089654,29089909
DSP,DSP_E1,chr6,7496269,7497104
DSP,DSP_E2,chr6,7502845,7503757
DSP,DSP_E3,chr6,7508077,7514490
DSP,DSP_E4,chr6,7528520,7530099
DSP,DSP_E5,chr6,7532321,7539706
DSP,DSP_P1,chr6,7539366,7543739
DSP,DSP_E6,chr6,7543085,7543235
DSP,DSP_E7,chr6,7543350,7545206
DSP,DSP_E8,chr6,7545216,7550757
DSP,DSP_E9,chr6,7552322,7556934
DSP,DSP_E10,chr6,7558296,7562524
DSP,DSP_E11,chr6,7562526,7563390
DTNA,DTNA_P1,chr18,32071754,32074780
DTNA,DTNA_E1,chr18,32073660,32073810
DTNA,DTNA_E2,chr18,32074080,32074230
DTNA,DTNA_E3,chr18,32075971,32077206
DTNA,DTNA_E4,chr18,32094177,32095181
DTNA,DTNA_E5,chr18,32130918,32132010
DTNA,DTNA_E6,chr18,32142192,32143578
DTNA,DTNA_E7,chr18,32170302,32171083
DTNA,DTNA_P2,chr18,32171802,32174860
DTNA,DTNA_E8,chr18,32174828,32175357
DTNA,DTNA_E9,chr18,32175620,32176746
DTNA,DTNA_E10,chr18,32180180,32180330
DTNA,DTNA_E11,chr18,32185260,32187328
DTNA,DTNA_E12,chr18,32187575,32189306
DTNA,DTNA_E13,chr18,32206820,32206970
DTNA,DTNA_E14,chr18,32216011,32217305
DTNA,DTNA_E15,chr18,32228574,32231372
DTNA,DTNA_E16,chr18,32237554,32242012
DTNA,DTNA_E17,chr18,32286777,32288747
DTNA,DTNA_P3,chr18,32288747,32289756
DTNA,DTNA_E18,chr18,32289160,32289310
DTNA,DTNA_P4,chr18,32289960,32291327
DTNA,DTNA_E19,chr18,32290560,32290710
DTNA,DTNA_E20,chr18,32303116,32307930
DTNA,DTNA_E21,chr18,32308472,32316906
DTNA,DTNA_E22,chr18,32317205,32319161
DTNA,DTNA_E23,chr18,32319217,32321392
DTNA,DTNA_E24,chr18,32321918,32322599
DTNA,DTNA_E25,chr18,32322682,32323446
DTNA,DTNA_E26,chr18,32339933,32341168
DTNA,DTNA_E27,chr18,32352309,32354881
DTNA,DTNA_E28,chr18,32387868,32389309
DTNA,DTNA_E29,chr18,32413214,32416227
DTNA,DTNA_E30,chr18,32417382,32419456
DTNA,DTNA_E31,chr18,32443013,32446261
DTNA,DTNA_E32,chr18,32447253,32448119
DTNA,DTNA_E33,chr18,32459370,32460552
DTNA,DTNA_E34,chr18,32463552,32468526
EMD,EMD_E1,chrX,153599980,153600130
EMD,EMD_E5,chrX,153599980,153600130
EMD,EMD_E2,chrX,153601745,153601895
EMD,EMD_E6,chrX,153601745,153601895
EMD,EMD_E3,chrX,153601900,153602050
EMD,EMD_E7,chrX,153601900,153602050
EMD,EMD_P1,chrX,153606056,153609484
EMD,EMD_E4,chrX,153607865,153608015
EMD,EMD_E8,chrX,153607865,153608015
EMD,EMD_E1,chrX,153610961,153613286
EMD,EMD_E2,chrX,153612673,153612875
EMD,EMD_E1,chrX,153755433,153755621
EMD,EMD_E2,chrX,153771435,153771677
EYA4,EYA4_E1,chr6,133511439,133513530
EYA4,EYA4_E2,chr6,133558160,133558310
EYA4,EYA4_P1,chr6,133560989,133564268
EYA4,EYA4_E3,chr6,133563145,133563295
EYA4,EYA4_E4,chr6,133563345,133563495
EYA4,EYA4_E5,chr6,133563820,133563970
EYA4,EYA4_E6,chr6,133564005,133564155
EYA4,EYA4_E7,chr6,133564240,133564390
EYA4,EYA4_E8,chr6,133564480,133564630
EYA4,EYA4_E9,chr6,133574121,133574731
EYA4,EYA4_E10,chr6,133680576,133681600
EYA4,EYA4_E11,chr6,133756028,133757251
EYA4,EYA4_E12,chr6,133757660,133759102
EYA4,EYA4_E13,chr6,133783168,133784210
EYA4,EYA4_E14,chr6,133822597,133824705
FHL1,FHL1_E1,chrX,135150187,135151391
FHL1,FHL1_E2,chrX,135196460,135198446
FHL1,FHL1_E3,chrX,135205161,135205955
FHL1,FHL1_E4,chrX,135206536,135211523
FHL1,FHL1_P1,chrX,135227161,135231688
FHL1,FHL1_E5,chrX,135232236,135235585
FHL1,FHL1_E6,chrX,135236813,135237826
FHL1,FHL1_E7,chrX,135238851,135239870
FHL1,FHL1_E8,chrX,135241390,135246250
FHL1,FHL1_E9,chrX,135247890,135248932
FHL1,FHL1_E10,chrX,135249327,135249954
FHL1,FHL1_P2,chrX,135249954,135253584
FHL1,FHL1_E11,chrX,135255406,135256903
FHL1,FHL1_E12,chrX,135257099,135257694
FHL1,FHL1_E13,chrX,135257867,135260418
FHL1,FHL1_E14,chrX,135260491,135262704
FHL1,FHL1_E15,chrX,135263012,135268981
FHL1,FHL1_E16,chrX,135269287,135277412
FHL1,FHL1_P3,chrX,135277412,135280498
FHL1,FHL1_E17,chrX,135280684,135285312
FHL1,FHL1_E18,chrX,135288567,135293212
FHL1,FHL1_E19,chrX,135293488,135297659
FHL2,FHL2_E1,chr2,105980994,105989049
FHL2,FHL2_E2,chr2,105992049,106012494
FHL2,FHL2_P1,chr2,106011914,106017624
FHL2,FHL2_E3,chr2,106013085,106013235
FHL2,FHL2_E4,chr2,106014920,106015070
FHL2,FHL2_E5,chr2,106015680,106015830
FHL2,FHL2_E6,chr2,106017624,106053452
FHL2,FHL2_P2,chr2,106053452,106056470
FHL2,FHL2_E7,chr2,106054660,106054810
FHL2,FHL2_E8,chr2,106055680,106055830
FHL2,FHL2_E9,chr2,106057059,106061167
FHL2,FHL2_E10,chr2,106062722,106063794
FHL2,FHL2_E11,chr2,106063894,106064894
FHL2,FHL2_E12,chr2,106065556,106067517
FHL2,FHL2_E13,chr2,106073469,106075121
FHL2,FHL2_E14,chr2,106085383,106086501
FHL2,FHL2_E15,chr2,106088720,106090257
FHL2,FHL2_E16,chr2,106101741,106107854
FHL2,FHL2_E17,chr2,106109469,106156876
FKRP,FKRP_E1,chr19,47233359,47237809
FKRP,FKRP_E2,chr19,47241068,47246846
FKRP,FKRP_P1,chr19,47247266,47250717
FKRP,FKRP_E3,chr19,47253600,47253750
FKRP,FKRP_E4,chr19,47260645,47260795
FKTN,FKTN_E1,chr9,108272400,108272550
FKTN,FKTN_P1,chr9,108318911,108321661
FKTN,FKTN_E2,chr9,108319845,108319995
FKTN,FKTN_E3,chr9,108355841,108357094
FLNC,FLNC_E1,chr7,128466142,128468930
FLNC,FLNC_P1,chr7,128468448,128472073
FLNC,FLNC_E2,chr7,128469405,128469555
FLNC,FLNC_E3,chr7,128470625,128470775
FLNC,FLNC_E4,chr7,128471979,128487178
GATAD1,GATAD1_E1,chr7,92050986,92051605
GATAD1,GATAD1_E2,chr7,92052818,92053383
GATAD1,GATAD1_P1,chr7,92075267,92078545
GATAD1,GATAD1_E3,chr7,92077300,92077450
GATAD1,GATAD1_E4,chr7,92114409,92115709
HCN4,HCN4_E1,chr15,73517547,73519220
HCN4,HCN4_E2,chr15,73574994,73576547
HCN4,HCN4_E3,chr15,73576701,73580713
HCN4,HCN4_E4,chr15,73629116,73629900
HCN4,HCN4_E5,chr15,73629941,73635789
HCN4,HCN4_E6,chr15,73635791,73639416
HCN4,HCN4_E7,chr15,73642984,73660105
HCN4,HCN4_P1,chr15,73659084,73663105
HCN4,HCN4_E8,chr15,73663105,73664793
HCN4,HCN4_E9,chr15,73665116,73679160
HCN4,HCN4_E10,chr15,73679176,73685002
HCN4,HCN4_E11,chr15,73685023,73687801
HCN4,HCN4_E12,chr15,73689253,73690658
HRAS,HRAS_E1,chr11,514788,515091
HRAS,HRAS_E2,chr11,515110,515620
HRAS,HRAS_E3,chr11,528741,529214
HRAS,HRAS_E4,chr11,531231,532875
HRAS,HRAS_P1,chr11,534300,537050
HRAS,HRAS_E5,chr11,535925,536075
HRAS,HRAS_E6,chr11,561065,561215
HRAS,HRAS_E7,chr11,563243,563763
HRAS,HRAS_E8,chr11,564325,564475
HRAS,HRAS_E9,chr11,565768,566147
HRAS,HRAS_E10,chr11,568185,568335
HRAS,HRAS_E11,chr11,568785,568935
ILK,ILK_P1,chr11,6623309,6627897
ILK,ILK_E1,chr11,6627150,6628671
ILK,ILK_P2,chr11,6628300,6628450
ILK,ILK_E2,chr11,6632600,6632750
ILK,ILK_E3,chr11,6632760,6632910
ILK,ILK_E4,chr11,6632940,6633090
JPH2,JPH2_E1,chr20,42702578,42704291
JPH2,JPH2_E2,chr20,42711078,42814233
JPH2,JPH2_P1,chr20,42814233,42817718
JPH2,JPH2_E3,chr20,42815525,42815675
JPH2,JPH2_E4,chr20,42816800,42816950
JPH2,JPH2_E5,chr20,42816980,42817130
JPH2,JPH2_E6,chr20,42817487,42819150
JPH2,JPH2_E7,chr20,42824241,42824643
JPH2,JPH2_E8,chr20,42827717,42827832
JUP,JUP_E1,chr17,39914132,39921470
JUP,JUP_E2,chr17,39924897,39926606
JUP,JUP_P1,chr17,39928540,39928690
JUP,JUP_E3,chr17,39929325,39929475
JUP,JUP_E4,chr17,39929606,39939907
JUP,JUP_P2,chr17,39940139,39944450
JUP,JUP_E5,chr17,39940405,39940555
JUP,JUP_E6,chr17,39940805,39940955
JUP,JUP_E7,chr17,39944450,39953828
KRAS,KRAS_E1,chr12,25388464,25389947
KRAS,KRAS_E2,chr12,25394240,25394390
KRAS,KRAS_E3,chr12,25394660,25394810
KRAS,KRAS_E4,chr12,25396460,25396610
KRAS,KRAS_P1,chr12,25401396,25405589
KRAS,KRAS_E5,chr12,25403180,25403330
KRAS,KRAS_E6,chr12,25403400,25403550
KRAS,KRAS_E7,chr12,25408781,25410430
KRAS,KRAS_E8,chr12,25416895,25417663
KRAS,KRAS_E9,chr12,25428360,25430793
KRAS,KRAS_E10,chr12,25447874,25448790
KRAS,KRAS_E11,chr12,25469486,25470359
KRAS,KRAS_E12,chr12,25536042,25540928
LAMA4,LAMA4_E1,chr6,112559506,112574240
LAMA4,LAMA4_P1,chr6,112574240,112577495
LAMA4,LAMA4_E2,chr6,112577528,112586146
LAMA4,LAMA4_E3,chr6,112588755,112592033
LAMA4,LAMA4_E4,chr6,112599986,112604620
LAMA4,LAMA4_E5,chr6,112607693,112613601
LAMA4,LAMA4_E6,chr6,112618789,112621169
LAMP2,LAMP2_E1,chrX,119573395,119575156
LAMP2,LAMP2_E2,chrX,119583600,119590439
LAMP2,LAMP2_P1,chrX,119601374,119605120
LAMP2,LAMP2_E3,chrX,119619037,119620765
LARGE1,LARGE1_E1,chr22,34225189,34229555
LARGE1,LARGE1_E2,chr22,34231131,34232967
LARGE1,LARGE1_E3,chr22,34236739,34241646
LARGE1,LARGE1_E4,chr22,34246559,34248255
LARGE1,LARGE1_E5,chr22,34248704,34250574
LARGE1,LARGE1_E6,chr22,34256278,34273249
LARGE1,LARGE1_E7,chr22,34278916,34281411
LARGE1,LARGE1_E8,chr22,34289634,34294627
LARGE1,LARGE1_E9,chr22,34294703,34297637
LARGE1,LARGE1_E10,chr22,34302409,34308826
LARGE1,LARGE1_E11,chr22,34312540,34313263
LARGE1,LARGE1_P1,chr22,34314826,34319015
LARGE1,LARGE1_E12,chr22,34620696,34622179
LARGE1,LARGE1_E13,chr22,34631611,34633051
LARGE1,LARGE1_E14,chr22,34698312,34700257
LDB3,LDB3_E1,chr10,88414200,88414350
LDB3,LDB3_E2,chr10,88415873,88426705
LDB3,LDB3_P1,chr10,88426672,88430181
LDB3,LDB3_E3,chr10,88429948,88480371
LMNA,LMNA_E1,chr1,156053868,156057017
LMNA,LMNA_E2,chr1,156057990,156060218
LMNA,LMNA_E3,chr1,156060222,156061660
LMNA,LMNA_E4,chr1,156065377,156078646
LMNA,LMNA_P1,chr1,156075510,156075657
LMNA,LMNA_P2,chr1,156076120,156076270
LMNA,LMNA_P3,chr1,156076285,156076435
LMNA,LMNA_E5,chr1,156078836,156079744
LMNA,LMNA_E6,chr1,156080621,156082960
LMNA,LMNA_P4,chr1,156082960,156086112
LMNA,LMNA_E7,chr1,156083161,156083438
LMNA,LMNA_E8,chr1,156083720,156083870
LMNA,LMNA_E9,chr1,156085760,156085910
LMNA,LMNA_E10,chr1,156085980,156094450
LMNA,LMNA_P5,chr1,156092264,156098093
LMNA,LMNA_E11,chr1,156094836,156095271
LMNA,LMNA_E12,chr1,156095920,156096070
LMNA,LMNA_E13,chr1,156097530,156097692
LMNA,LMNA_E14,chr1,156098093,156100910
MAP2K1,MAP2K1_P1,chr15,66677655,66681548
MAP2K1,MAP2K1_E1,chr15,66679305,66679455
MAP2K1,MAP2K1_E2,chr15,66679700,66679850
MAP2K1,MAP2K1_E3,chr15,66682149,66683939
MAP2K1,MAP2K1_E4,chr15,66693554,66695118
MAP2K1,MAP2K1_E5,chr15,66696754,66704019
MAP2K1,MAP2K1_E6,chr15,66731310,66734666
MAP2K2,MAP2K2_E1,chr19,4095879,4099419
MAP2K2,MAP2K2_E2,chr19,4114944,4116419
MAP2K2,MAP2K2_P1,chr19,4122569,4125626
MAP2K2,MAP2K2_E3,chr19,4123860,4124010
MYBPC3,MYBPC3_E1,chr11,47345796,47372753
MYBPC3,MYBPC3_P1,chr11,47372526,47375753
MYBPC3,MYBPC3_E2,chr11,47375753,47383738
MYH6,MYH6_P1,chr14,23875301,23881541
MYH7,MYH7_E1,chr14,23888772,23903427
MYH7,MYH7_P1,chr14,23903235,23906665
MYH7,MYH7_E2,chr14,23906427,23917110
MYH7,MYH7_E3,chr14,23918194,23919041
MYL2,MYL2_E1,chr12,111330323,111356524
MYL2,MYL2_P1,chr12,111356879,111359881
MYL3,MYL3_E1,chr3,46885894,46897251
MYL3,MYL3_E2,chr3,46897494,46903432
MYL3,MYL3_P1,chr3,46903432,46906473
MYL3,MYL3_E3,chr3,46906473,46917735
MYLK2,MYLK2_E1,chr20,30393786,30395808
MYLK2,MYLK2_E2,chr20,30396855,30405610
MYLK2,MYLK2_P1,chr20,30405676,30408426
MYLK2,MYLK2_E3,chr20,30409004,30413079
MYOM1,MYOM1_E1,chr18,3112893,3120830
MYOM1,MYOM1_E2,chr18,3125349,3127189
MYOM1,MYOM1_E3,chr18,3131079,3131908
MYOM1,MYOM1_E4,chr18,3132253,3133641
MYOM1,MYOM1_E5,chr18,3133793,3135129
MYOM1,MYOM1_E6,chr18,3135438,3136069
MYOM1,MYOM1_E7,chr18,3138016,3140596
MYOM1,MYOM1_E8,chr18,3140903,3143084
MYOM1,MYOM1_E9,chr18,3151587,3153814
MYOM1,MYOM1_E10,chr18,3154763,3157722
MYOM1,MYOM1_E11,chr18,3161739,3162986
MYOM1,MYOM1_E12,chr18,3177588,3187731
MYOM1,MYOM1_E13,chr18,3191894,3193018
MYOM1,MYOM1_E14,chr18,3194204,3195759
MYOM1,MYOM1_E15,chr18,3196478,3197530
MYOM1,MYOM1_E16,chr18,3198622,3200253
MYOM1,MYOM1_E17,chr18,3205846,3206919
MYOM1,MYOM1_E18,chr18,3207206,3218347
MYOM1,MYOM1_P1,chr18,3218244,3221606
MYOM1,MYOM1_E19,chr18,3223334,3227210
MYOZ2,MYOZ2_E1,chr4,119936841,119944864
MYOZ2,MYOZ2_E2,chr4,119945931,119966755
MYOZ2,MYOZ2_E3,chr4,119966869,119979338
MYOZ2,MYOZ2_E4,chr4,119981828,119982747
MYOZ2,MYOZ2_E5,chr4,119989356,119989952
MYOZ2,MYOZ2_E6,chr4,119992952,120004824
MYOZ2,MYOZ2_E7,chr4,120009129,120014606
MYOZ2,MYOZ2_E8,chr4,120022224,120025402
MYOZ2,MYOZ2_E9,chr4,120025769,120026544
MYOZ2,MYOZ2_E10,chr4,120026856,120028493
MYOZ2,MYOZ2_E11,chr4,120045316,120049946
MYOZ2,MYOZ2_E12,chr4,120051233,120054061
MYOZ2,MYOZ2_E13,chr4,120054347,120055438
MYOZ2,MYOZ2_P1,chr4,120055438,120058500
MYOZ2,MYOZ2_E14,chr4,120058438,120073117
MYOZ2,MYOZ2_E15,chr4,120075864,120078767
MYPN,MYPN_E1,chr10,69853665,69853815
MYPN,MYPN_E2,chr10,69853840,69853990
MYPN,MYPN_E3,chr10,69854186,69855675
MYPN,MYPN_E4,chr10,69858200,69860642
MYPN,MYPN_E5,chr10,69863060,69863210
MYPN,MYPN_P1,chr10,69865620,69865770
MYPN,MYPN_P2,chr10,69867494,69870733
MYPN,MYPN_E6,chr10,69870752,69873828
MYPN,MYPN_E7,chr10,69875846,69880520
MYPN,MYPN_E8,chr10,69881700,69881850
MYPN,MYPN_E9,chr10,69883842,69885379
MYPN,MYPN_E10,chr10,69892142,69897772
MYPN,MYPN_E11,chr10,69897977,69901101
MYPN,MYPN_E12,chr10,69901285,69903744
MYPN,MYPN_E13,chr10,69904226,69904959
MYPN,MYPN_E14,chr10,69905272,69906200
MYPN,MYPN_E15,chr10,69907046,69916335
MYPN,MYPN_E16,chr10,69919730,69921164
NEBL,NEBL_E1,chr10,21024174,21025761
NEBL,NEBL_E2,chr10,21033657,21035725
NEBL,NEBL_E3,chr10,21037060,21038797
NEBL,NEBL_E4,chr10,21048789,21050353
NEBL,NEBL_E5,chr10,21055611,21056736
NEBL,NEBL_E6,chr10,21090114,21094267
NEBL,NEBL_E7,chr10,21154185,21155209
NEBL,NEBL_E8,chr10,21163011,21164910
NEBL,NEBL_E9,chr10,21166123,21167213
NEBL,NEBL_E10,chr10,21167470,21169185
NEBL,NEBL_E11,chr10,21173064,21174080
NEBL,NEBL_E12,chr10,21177165,21178318
NEBL,NEBL_E13,chr10,21178680,21180335
NEBL,NEBL_E14,chr10,21180669,21184644
NEBL,NEBL_P1,chr10,21185439,21186420
NEBL,NEBL_E15,chr10,21188031,21188743
NEBL,NEBL_E16,chr10,21243770,21247394
NEBL,NEBL_E17,chr10,21252373,21253717
NEBL,NEBL_E18,chr10,21264522,21266960
NEBL,NEBL_E19,chr10,21279663,21281310
NEBL,NEBL_E20,chr10,21288772,21290503
NEBL,NEBL_E21,chr10,21300285,21301129
NEBL,NEBL_E22,chr10,21460405,21460555
NEBL,NEBL_P2,chr10,21462138,21464035
NEBL,NEBL_E23,chr10,21483400,21483550
NEBL,NEBL_E24,chr10,21484400,21484550
NEXN,NEXN_E1,chr1,78323420,78323570
NEXN,NEXN_E2,chr1,78325498,78327334
NEXN,NEXN_E3,chr1,78337479,78340062
NEXN,NEXN_E4,chr1,78343175,78349196
NEXN,NEXN_E5,chr1,78349246,78351489
NEXN,NEXN_P1,chr1,78352076,78355859
NEXN,NEXN_E6,chr1,78354520,78354670
NEXN,NEXN_E7,chr1,78354885,78355035
NF1,NF1_P1,chr17,29420088,29423776
NF1,NF1_E1,chr17,29422105,29422255
NF1,NF1_E2,chr17,29449652,29450297
NF1,NF1_E3,chr17,29456970,29458699
NF1,NF1_E4,chr17,29482059,29485619
NF1,NF1_E5,chr17,29508308,29509752
NRAS,NRAS_P1,chr1,115258054,115261015
PDLIM3,PDLIM3_E1,chr4,186424004,186428168
PDLIM3,PDLIM3_E2,chr4,186433909,186436296
PDLIM3,PDLIM3_E3,chr4,186439717,186446510
PDLIM3,PDLIM3_E4,chr4,186446744,186447557
PDLIM3,PDLIM3_E5,chr4,186450153,186451427
PDLIM3,PDLIM3_E6,chr4,186452602,186455002
PDLIM3,PDLIM3_P1,chr4,186455087,186458192
PDLIM3,PDLIM3_E7,chr4,186455900,186456050
PDLIM3,PDLIM3_E8,chr4,186456205,186456355
PDLIM3,PDLIM3_E9,chr4,186456360,186456510
PDLIM3,PDLIM3_E10,chr4,186459791,186465584
PDLIM3,PDLIM3_E11,chr4,186474370,186475403
PDLIM3,PDLIM3_E12,chr4,186475691,186476694
PDLIM3,PDLIM3_E13,chr4,186480387,186482029
PDLIM3,PDLIM3_E14,chr4,186484080,186485754
PDLIM3,PDLIM3_E15,chr4,186486652,186495532
PDLIM3,PDLIM3_E16,chr4,186497240,186499275
PDLIM3,PDLIM3_E17,chr4,186501643,186507106
PDLIM3,PDLIM3_E18,chr4,186510562,186511211
PDLIM3,PDLIM3_E19,chr4,186511752,186515161
PKP2,PKP2_E1,chr12,32986650,32988027
PKP2,PKP2_E2,chr12,32988537,32990769
PKP2,PKP2_E3,chr12,32992261,32998378
PKP2,PKP2_E4,chr12,32998891,33001445
PKP2,PKP2_E5,chr12,33004773,33005789
PKP2,PKP2_E6,chr12,33006304,33008443
PKP2,PKP2_E7,chr12,33009567,33010430
PKP2,PKP2_E8,chr12,33012885,33013633
PKP2,PKP2_E9,chr12,33021768,33037351
PKP2,PKP2_E10,chr12,33037569,33038720
PKP2,PKP2_E11,chr12,33038782,33041003
PKP2,PKP2_E12,chr12,33041321,33048035
PKP2,PKP2_P1,chr12,33047919,33051274
PKP2,PKP2_E13,chr12,33048705,33048855
PLEKHM2,PLEKHM2_E1,chr1,16005133,16005396
PLEKHM2,PLEKHM2_E2,chr1,16007081,16008123
PLEKHM2,PLEKHM2_P1,chr1,16008123,16012128
PLEKHM2,PLEKHM2_E3,chr1,16011425,16011575
PLEKHM2,PLEKHM2_E4,chr1,16016893,16050493
PLN,PLN_E1,chr6,118845191,118867960
PLN,PLN_P1,chr6,118867914,118870892
PLN,PLN_E2,chr6,118870960,118892882
PRDM16,PRDM16_P1,chr1,2982833,2987274
PRDM16,PRDM16_E1,chr1,2987274,3003423
PRDM16,PRDM16_E2,chr1,3004569,3006318
PRDM16,PRDM16_E3,chr1,3007538,3020165
PRKAG2,PRKAG2_E1,chr7,151286922,151289813
PRKAG2,PRKAG2_E2,chr7,151291535,151299618
PRKAG2,PRKAG2_E3,chr7,151306607,151312232
PRKAG2,PRKAG2_E4,chr7,151320454,151327313
PRKAG2,PRKAG2_P1,chr7,151327649,151330939
PRKAG2,PRKAG2_E5,chr7,151328860,151329010
PRKAG2,PRKAG2_E6,chr7,151333984,151338691
PRKAG2,PRKAG2_E7,chr7,151347009,151349850
PRKAG2,PRKAG2_E8,chr7,151350769,151353179
PRKAG2,PRKAG2_E9,chr7,151353219,151355138
PRKAG2,PRKAG2_E10,chr7,151356059,151357210
PRKAG2,PRKAG2_E11,chr7,151358359,151367840
PRKAG2,PRKAG2_E12,chr7,151368279,151372122
PRKAG2,PRKAG2_E13,chr7,151372268,151373081
PRKAG2,PRKAG2_E14,chr7,151373369,151388375
PRKAG2,PRKAG2_E15,chr7,151388823,151398743
PRKAG2,PRKAG2_E16,chr7,151398765,151400985
PRKAG2,PRKAG2_E17,chr7,151401361,151431849
PRKAG2,PRKAG2_E18,chr7,151433300,151433450
PRKAG2,PRKAG2_P2,chr7,151433580,151433730
PRKAG2,PRKAG2_P3,chr7,151433760,151433910
PRKAG2,PRKAG2_E19,chr7,151435775,151436688
PRKAG2,PRKAG2_E20,chr7,151436702,151438044
PRKAG2,PRKAG2_E21,chr7,151439074,151446498
PRKAG2,PRKAG2_E22,chr7,151447450,151457045
PRKAG2,PRKAG2_E23,chr7,151478005,151480213
PRKAG2,PRKAG2_E24,chr7,151481421,151482437
PRKAG2,PRKAG2_E25,chr7,151493113,151495245
PRKAG2,PRKAG2_E26,chr7,151505379,151508024
PRKAG2,PRKAG2_E27,chr7,151518991,151521694
PRKAG2,PRKAG2_E28,chr7,151522492,151523154
PRKAG2,PRKAG2_E29,chr7,151535920,151536070
PRKAG2,PRKAG2_P4,chr7,151572626,151576049
PRKAG2,PRKAG2_E30,chr7,151572865,151573015
PRKAG2,PRKAG2_E31,chr7,151586870,151588380
PTPN11,PTPN11_E1,chr12,112841620,112841770
PTPN11,PTPN11_E2,chr12,112846800,112846950
PTPN11,PTPN11_E3,chr12,112847000,112847150
PTPN11,PTPN11_E4,chr12,112849420,112849570
PTPN11,PTPN11_P1,chr12,112855218,112858116
PTPN11,PTPN11_E5,chr12,112859498,112867110
PTPN11,PTPN11_E6,chr12,112905848,112909155
PTPN11,PTPN11_E7,chr12,112925904,112927506
RAF1,RAF1_E1,chr3,12663435,12664351
RAF1,RAF1_E2,chr3,12669073,12670035
RAF1,RAF1_E3,chr3,12670650,12672732
RAF1,RAF1_E4,chr3,12678818,12680438
RAF1,RAF1_E5,chr3,12682994,12685119
RAF1,RAF1_E6,chr3,12685337,12686845
RAF1,RAF1_E7,chr3,12698149,12699121
RAF1,RAF1_E8,chr3,12699627,12701487
RAF1,RAF1_E9,chr3,12701669,12702742
RAF1,RAF1_P1,chr3,12702136,12710255
RAF1,RAF1_E10,chr3,12704380,12704530
RAF1,RAF1_E11,chr3,12705300,12705450
RAF1,RAF1_E12,chr3,12716393,12717575
RAF1,RAF1_E13,chr3,12720671,12721716
RAF1,RAF1_E14,chr3,12722703,12724547
RAF1,RAF1_E15,chr3,12734143,12742280
RAF1,RAF1_E16,chr3,12744896,12746062
RAF1,RAF1_E17,chr3,12746527,12749687
RAF1,RAF1_E18,chr3,12749738,12752325
RBM20,RBM20_E1,chr10,112368604,112380378
RBM20,RBM20_E2,chr10,112385791,112391556
RBM20,RBM20_E3,chr10,112394600,112394750
RBM20,RBM20_E4,chr10,112395718,112398843
RBM20,RBM20_E5,chr10,112399298,112401043
RBM20,RBM20_P1,chr10,112401043,112405683
RBM20,RBM20_E6,chr10,112404185,112404335
RBM20,RBM20_E7,chr10,112405720,112407447
RBM20,RBM20_E8,chr10,112407484,112465064
RBM20,RBM20_E9,chr10,112465180,112476499
RBM20,RBM20_E10,chr10,112476733,112479014
RBM20,RBM20_E11,chr10,112479552,112507563
RBM20,RBM20_E12,chr10,112507674,112509120
RBM20,RBM20_E13,chr10,112509330,112511076
RBM20,RBM20_E14,chr10,112512882,112513980
RIT1,RIT1_E1,chr1,155861521,155862571
RIT1,RIT1_E2,chr1,155862640,155862790
RIT1,RIT1_E3,chr1,155863520,155863670
RIT1,RIT1_P1,chr1,155879296,155882695
RIT1,RIT1_E4,chr1,155881725,155881875
RIT1,RIT1_E5,chr1,155883860,155884010
RRAS,RRAS_E1,chr19,50133928,50136732
RRAS,RRAS_E2,chr19,50138048,50140614
RRAS,RRAS_E3,chr19,50140837,50141958
RRAS,RRAS_P1,chr19,50141309,50147174
RRAS,RRAS_E4,chr19,50142960,50143110
RYR2,RYR2_E1,chr1,237160535,237161828
RYR2,RYR2_E2,chr1,237189838,237198192
RYR2,RYR2_E3,chr1,237198475,237202173
RYR2,RYR2_P1,chr1,237204004,237207004
RYR2,RYR2_E4,chr1,237207004,237223543
RYR2,RYR2_E5,chr1,237233249,237238748
RYR2,RYR2_E6,chr1,237245724,237248476
RYR2,RYR2_E7,chr1,237248537,237251986
RYR2,RYR2_E8,chr1,237253229,237261366
RYR2,RYR2_E9,chr1,237261482,237272389
RYR2,RYR2_E10,chr1,237272623,237279295
RYR2,RYR2_E11,chr1,237279310,237281072
RYR2,RYR2_E12,chr1,237285606,237308299
RYR2,RYR2_E13,chr1,237308469,237319659
RYR2,RYR2_E14,chr1,237321497,237322516
RYR2,RYR2_E15,chr1,237326613,237328331
RYR2,RYR2_E16,chr1,237328748,237329852
RYR2,RYR2_E17,chr1,237329869,237332008
RYR2,RYR2_E18,chr1,237333219,237333960
RYR2,RYR2_E19,chr1,237334026,237335657
RYR2,RYR2_E20,chr1,237335876,237337449
RYR2,RYR2_E21,chr1,237342412,237347942
RYR2,RYR2_E22,chr1,237348047,237352164
RYR2,RYR2_E23,chr1,237352338,237355392
RYR2,RYR2_E24,chr1,237357297,237358413
RYR2,RYR2_E25,chr1,237360759,237361887
RYR2,RYR2_E26,chr1,237364095,237365438
RYR2,RYR2_E27,chr1,237367426,237369776
RYR2,RYR2_E28,chr1,237373568,237375288
RYR2,RYR2_E29,chr1,237379674,237381362
RYR2,RYR2_E30,chr1,237381566,237384256
RYR2,RYR2_E31,chr1,237389223,237390231
RYR2,RYR2_E32,chr1,237391855,237393488
RYR2,RYR2_E33,chr1,237393752,237394302
RYR2,RYR2_E34,chr1,237398084,237399711
RYR2,RYR2_E35,chr1,237401388,237403033
RYR2,RYR2_E36,chr1,237406170,237410224
RYR2,RYR2_E37,chr1,237412186,237417539
SCN5A,SCN5A_E1,chr3,38614682,38626112
SCN5A,SCN5A_E2,chr3,38626678,38631648
SCN5A,SCN5A_E3,chr3,38638833,38641027
SCN5A,SCN5A_E4,chr3,38654874,38661428
SCN5A,SCN5A_E5,chr3,38661533,38663556
SCN5A,SCN5A_E6,chr3,38671317,38673307
SCN5A,SCN5A_P1,chr3,38673216,38676090
SCN5A,SCN5A_E7,chr3,38675720,38675870
SCN5A,SCN5A_E8,chr3,38676353,38689619
SCN5A,SCN5A_P2,chr3,38689560,38692664
SCN5A,SCN5A_E9,chr3,38692565,38693283
SCN5A,SCN5A_E10,chr3,38697306,38697496
SCN5A,SCN5A_E11,chr3,38700393,38700716
SGCD,SGCD_E1,chr5,155106978,155114171
SGCD,SGCD_E2,chr5,155133050,155134293
SGCD,SGCD_E3,chr5,155302833,155303826
SGCD,SGCD_E4,chr5,155345600,155347095
SGCD,SGCD_E5,chr5,155379732,155380849
SGCD,SGCD_E6,chr5,155381709,155382322
SGCD,SGCD_E7,chr5,155405154,155407034
SGCD,SGCD_E8,chr5,155407849,155410137
SGCD,SGCD_E9,chr5,155462056,155464664
SGCD,SGCD_E10,chr5,155613046,155615393
SGCD,SGCD_E11,chr5,155698067,155698858
SGCD,SGCD_P1,chr5,155752256,155755527
SGCD,SGCD_E12,chr5,155754405,155754555
SGCD,SGCD_E13,chr5,155755266,155756922
SGCD,SGCD_E14,chr5,155757029,155759993
SGCD,SGCD_E15,chr5,155760860,155762199
SGCD,SGCD_E16,chr5,155763547,155766516
SGCD,SGCD_E17,chr5,155774781,155780156
SGCD,SGCD_E18,chr5,155783380,155783530
SGCD,SGCD_E19,chr5,155786900,155787050
SGCD,SGCD_E20,chr5,155788580,155788730
SGCD,SGCD_E21,chr5,155793680,155793830
SGCD,SGCD_E22,chr5,155796546,155797804
SGCD,SGCD_E23,chr5,155819196,155820211
SGCD,SGCD_E24,chr5,155821655,155825064
SGCD,SGCD_E25,chr5,155837405,155839149
SGCD,SGCD_E26,chr5,155848505,155850090
SGCD,SGCD_E27,chr5,155871423,155873393
SGCD,SGCD_E28,chr5,155900458,155903524
SGCD,SGCD_E29,chr5,155923169,155925479
SGCD,SGCD_E30,chr5,156002132,156015122
SHOC2,SHOC2_P1,chr10,112677805,112680555
SHOC2,SHOC2_E1,chr10,112678600,112678750
SHOC2,SHOC2_E2,chr10,112679400,112679550
SHOC2,SHOC2_E3,chr10,112685977,112687779
SHOC2,SHOC2_E4,chr10,112768965,112771598
SLC22A5,SLC22A5_P1,chr5,131703944,131706694
SLC22A5,SLC22A5_E1,chr5,131705805,131705955
SLC25A4,SLC25A4_E1,chr4,186007197,186010882
SLC25A4,SLC25A4_E2,chr4,186015589,186018363
SLC25A4,SLC25A4_E3,chr4,186032130,186035839
SLC25A4,SLC25A4_E4,chr4,186036009,186037750
SLC25A4,SLC25A4_E5,chr4,186039874,186041975
SLC25A4,SLC25A4_E6,chr4,186047873,186050714
SLC25A4,SLC25A4_E7,chr4,186055702,186055856
SLC25A4,SLC25A4_E8,chr4,186055972,186061906
SLC25A4,SLC25A4_P1,chr4,186062787,186065894
SLC25A4,SLC25A4_E9,chr4,186062795,186063340
SLC25A4,SLC25A4_E10,chr4,186064045,186064195
SLC25A4,SLC25A4_E11,chr4,186065894,186071458
SOS1,SOS1_E1,chr2,39278406,39280684
SOS1,SOS1_E2,chr2,39327302,39328616
SOS1,SOS1_E3,chr2,39333397,39334626
SOS1,SOS1_E4,chr2,39342060,39342195
SOS1,SOS1_P1,chr2,39346354,39349692
SOS1,SOS1_E5,chr2,39347305,39347455
SOS1,SOS1_E6,chr2,39347905,39348055
SOS1,SOS1_P2,chr2,39349986,39350490
SOS1,SOS1_P3,chr2,39351066,39352090
SOS1,SOS1_E7,chr2,39351880,39352030
SOS1,SOS1_E8,chr2,39352045,39352195
SOS1,SOS1_E9,chr2,39355125,39355275
SOS1,SOS1_E10,chr2,39355320,39355470
SOS1,SOS1_E11,chr2,39356089,39356500
SOS1,SOS1_E12,chr2,39362307,39363514
SOS1,SOS1_E13,chr2,39366109,39367358
SOS1,SOS1_E14,chr2,39388091,39389693
SOS1,SOS1_E15,chr2,39393756,39394889
TCAP,TCAP_E1,chr17,37808041,37818939
TCAP,TCAP_P1,chr17,37818939,37826500
TCAP,TCAP_E2,chr17,37819905,37820055
TCAP,TCAP_E3,chr17,37828300,37828450
TCAP,TCAP_E4,chr17,37828525,37828675
TCAP,TCAP_E5,chr17,37831240,37831390
TGFB3,TGFB3_E1,chr14,76285809,76293786
TGFB3,TGFB3_E2,chr14,76298230,76299833
TGFB3,TGFB3_E3,chr14,76301014,76302054
TGFB3,TGFB3_E4,chr14,76315541,76318890
TGFB3,TGFB3_E5,chr14,76321118,76325418
TGFB3,TGFB3_E6,chr14,76326961,76328134
TGFB3,TGFB3_E7,chr14,76332962,76336595
TGFB3,TGFB3_E8,chr14,76342151,76344647
TGFB3,TGFB3_E9,chr14,76368724,76373375
TGFB3,TGFB3_E10,chr14,76381527,76385752
TGFB3,TGFB3_E11,chr14,76393829,76395784
TGFB3,TGFB3_E12,chr14,76400804,76402323
TGFB3,TGFB3_E13,chr14,76407251,76408123
TGFB3,TGFB3_E14,chr14,76442996,76443428
TGFB3,TGFB3_E15,chr14,76443545,76443981
TGFB3,TGFB3_E16,chr14,76443992,76444190
TGFB3,TGFB3_E17,chr14,76444840,76444990
TGFB3,TGFB3_E18,chr14,76445685,76445835
TGFB3,TGFB3_P1,chr14,76445836,76453603
TGFB3,TGFB3_E19,chr14,76446205,76446355
TGFB3,TGFB3_E20,chr14,76447840,76447990
TGFB3,TGFB3_E21,chr14,76448520,76448670
TGFB3,TGFB3_E22,chr14,76451156,76451346
TGFB3,TGFB3_E23,chr14,76452265,76452415
TGFB3,TGFB3_E24,chr14,76452600,76452750
TGFB3,TGFB3_E25,chr14,76452840,76452990
TGFB3,TGFB3_E26,chr14,76455558,76455875
TMEM43,TMEM43_P1,chr3,14164940,14167690
TMEM43,TMEM43_E1,chr3,14166665,14166815
TMEM43,TMEM43_E2,chr3,14167939,14169314
TMEM43,TMEM43_E3,chr3,14171598,14175216
TMEM43,TMEM43_E4,chr3,14180143,14184722
TMEM43,TMEM43_E5,chr3,14185245,14185395
TMEM43,TMEM43_E6,chr3,14187989,14190761
TMEM70,TMEM70_E1,chr8,74847565,74847919
TMEM70,TMEM70_P1,chr8,74883960,74884110
TMEM70,TMEM70_E2,chr8,74884900,74885050
TMEM70,TMEM70_P2,chr8,74886944,74889943
TMEM70,TMEM70_E3,chr8,74888760,74888910
TMEM70,TMEM70_E4,chr8,74888920,74889070
TMEM70,TMEM70_E5,chr8,74905000,74905150
TNNC1,TNNC1_E1,chr3,52480543,52486586
TNNC1,TNNC1_P1,chr3,52486836,52489586
TNNI3,TNNI3_P1,chr19,55667166,55673091
TNNT2,TNNT2_E1,chr1,201301400,201302313
TNNT2,TNNT2_E2,chr1,201304927,201306449
TNNT2,TNNT2_E3,chr1,201315961,201319634
TNNT2,TNNT2_E4,chr1,201321889,201331816
TNNT2,TNNT2_E5,chr1,201334816,201340882
TNNT2,TNNT2_P1,chr1,201340408,201343882
TNNT2,TNNT2_E6,chr1,201343882,201345289
TNNT2,TNNT2_P2,chr1,201345144,201348433
TNNT2,TNNT2_E7,chr1,201348390,201351201
TNNT2,TNNT2_E8,chr1,201354201,201355512
TNNT2,TNNT2_E9,chr1,201356229,201357209
TPM1,TPM1_E1,chr15,63225512,63228101
TPM1,TPM1_E2,chr15,63231418,63236225
TPM1,TPM1_E3,chr15,63248497,63251711
TPM1,TPM1_E4,chr15,63251805,63252628
TPM1,TPM1_E5,chr15,63266903,63271627
TPM1,TPM1_E6,chr15,63275356,63278426
TPM1,TPM1_E7,chr15,63286202,63287833
TPM1,TPM1_E8,chr15,63288442,63293573
TPM1,TPM1_E9,chr15,63294426,63297737
TPM1,TPM1_E10,chr15,63298359,63299350
TPM1,TPM1_E11,chr15,63304331,63306634
TPM1,TPM1_E12,chr15,63306677,63313515
TPM1,TPM1_E13,chr15,63314009,63319524
TPM1,TPM1_E14,chr15,63326190,63328102
TPM1,TPM1_E15,chr15,63329994,63330871
TPM1,TPM1_E16,chr15,63332464,63333330
TPM1,TPM1_P1,chr15,63333330,63336481
TPM1,TPM1_E17,chr15,63334420,63334570
TPM1,TPM1_E18,chr15,63335165,63335315
TPM1,TPM1_E19,chr15,63336456,63339064
TPM1,TPM1_P2,chr15,63339050,63343086
TPM1,TPM1_E20,chr15,63339505,63339655
TPM1,TPM1_E21,chr15,63340720,63340870
TPM1,TPM1_E22,chr15,63343086,63350483
TPM1,TPM1_E23,chr15,63351046,63362610
TPM1,TPM1_E24,chr15,63365610,63368859
TPM1,TPM1_E25,chr15,63371330,63377068
TTN,TTN_E1,chr2,179657361,179662929
TTN,TTN_E2,chr2,179663217,179668523
TTN,TTN_E3,chr2,179668552,179670338
TTN,TTN_P1,chr2,179668772,179673650
TTN,TTN_E4,chr2,179673650,179674542
TTN,TTN_E5,chr2,179675496,179677582
TTN,TTN_E6,chr2,179683740,179686116
TTN,TTN_E7,chr2,179692141,179693587
TTN,TTN_E8,chr2,179698398,179702614
TTN,TTN_E9,chr2,179717263,179718466
TTN,TTN_E10,chr2,179722153,179727536
TTN,TTN_E11,chr2,179727573,179732176
TTN,TTN_E12,chr2,179732490,179737203
TTN,TTN_E13,chr2,179738954,179740445
TTN,TTN_E14,chr2,179742310,179743195
TTN,TTN_E15,chr2,179747108,179748139
TTN,TTN_E16,chr2,179751894,179755536
TTN,TTN_E17,chr2,179756630,179758233
TTN,TTN_E18,chr2,179759605,179762048
TTN,TTN_E19,chr2,179768931,179770651
TTN,TTN_E20,chr2,179773859,179775753
TTN,TTN_E21,chr2,179777200,179778036
TTN,TTN_E22,chr2,179780115,179781679
TTR,TTR_P1,chr18,29169908,29173081
TTR,TTR_E1,chr18,29173431,29178983
TTR,TTR_E2,chr18,29190673,29192154
VCL,VCL_E1,chr10,75724310,75729957
VCL,VCL_E2,chr10,75752758,75753844
VCL,VCL_P1,chr10,75756372,75759471
VCL,VCL_E3,chr10,75758005,75758155
VCL,VCL_E4,chr10,75758620,75758770
VCL,VCL_E5,chr10,75758960,75759110
VCL,VCL_E6,chr10,75759373,75761482
VCL,VCL_E7,chr10,75762811,75763394
VCL,VCL_E8,chr10,75766394,75773218
VCL,VCL_E9,chr10,75777161,75782173
VCL,VCL_E10,chr10,75786747,75791430
VCL,VCL_E11,chr10,75792802,75795109
VCL,VCL_E12,chr10,75796822,75797913
VCL,VCL_E13,chr10,75798652,75801033
VCL,VCL_E14,chr10,75808417,75812547
VCL,VCL_E15,chr10,75813949,75821355
VCL,VCL_E16,chr10,75823359,75824416
VCL,VCL_E17,chr10,75830096,75834420
,,,,
"CMP, Cardiomyopathy; P, promoter; E, Enhancer.",,,,